WALMART,WMT,90,NYSE,RETAIL
BERKSHIRE HATHAWAY,BRK.A,304671,NYSE,FINANCE
APPLE,APPL,208,NASDAQ,TECH
EXXON MOBIL,XOM,80,NYSE,ENERGY
MCKESSON,MCK,126,NYSE,HEALTH
UNITEDHEALTH GROUP,UNH,257,NYSE,HEALTH
CVS HEALTH,CVS,65,NYSE,RETAIL PHARMA
GENERAL MOTORS,GM,38,NYSE,AUTO
AT&T,T,33,NYSE,TELECOM
FORD MOTOR,F,10,NYSE,AUTO
AMERISOURCEBERGEN,ABC,81,NYSE,PHARMA
AMAZON.COM,AMZN,1823,NASDAQ,TECH
GENERAL ELECTRIC,GE,13,NYSE,CONGLOMERATE
VERIZON COMMUNICATIONS,VZ,52,NYSE,TELECOM
CARDINAL HEALTH,CAH,50,NYSE,PHARMA
COSTCO,COST,222,NASDAQ,RETAIL
WALGREENS BOOTS ALLIANCE,WBA,67,NASDAQ,RETAIL PHARMA
KROGER,KR,30,NYSE,GROCERY
CHEVRON,CVX,124,NYSE,ENERGY
FANNIE MAE,FNMA,2,OTCMKTS,FINANCE
J.P. MORGAN CHASE,JPM,117,NYSE,FINANCE
EXPRESS SCRIPTS HOLDING,ESRX,77,NASDAQ,HEALTH
HOME DEPOT,HD,195,NYSE,RETAIL
BOEING,BA,348,NYSE,TRANSPORTATION
WELLS FARGO,WFC,59,NYSE,FINANCE
BANK OF AMERICA CORP.,BAC,32,NYSE,FINANCE
ALPHABET,GOOGL,1238,NASDAQ,TECH
MICROSOFT,MSFT,108,NASDAQ,TECH
ANTHEM,ANTM,257,NYSE,HEALTH
CITIGROUP,C,72,NYSE,FINANCE
COMCAST,CMCSA,35,NASDAQ,TELECOM
IBM,IBM,147,NYSE,TECH
STATE FARM INSURANCE COS.,STFGX,81,NASDAQ,INSURANCE
PHILLIPS 66,PSX,121,NYSE,ENERGY
JOHNSON & JOHNSON,JNJ,132,NYSE,PHARMA
PROCTER & GAMBLE,PG,82,NYSE,RETAIL
VALERO ENERGY,VLO,115,NYSE,ENERGY
TARGET,TGT,81,NYSE,RETAIL
FREDDIE MAC,FMCC,2,OTCMKTS,FINANCE
LOWE'S,LOW,98,NYSE,RETAIL
DELL TECHNOLOGIES,DVMT,93,NYSE,TECH
METLIFE,MET,45,NYSE,FINANCE
AETNA,AET,188,NYSE,HEALTH
PEPSICO,PEP,116,NASDAQ,FOOD BEVERAGE
ARCHER DANIELS MIDLAND,ADM,50,NYSE,FOOD BEVERAGE
UPS,UPS,119,NYSE,COURIER
INTEL,INTC,49,NASDAQ,TECH
PRUDENTIAL FINANCIAL,PRU,99,NYSE,FINANCE
ALBERTSONS COS.,ABS,24,NYSE,GROCERY
UNITED TECHNOLOGIES,UTX,134,NYSE,TRANSPORTATION
MARATHON PETROLEUM,MPC,79,NYSE,ENERGY
DISNEY,DIS,114,NYSE,ENTERTAINMENT
HUMANA,HUM,324,NYSE,HEALTH
PFIZER,PFE,40,NYSE,PHARMA
AIG,AIG,53,NYSE,INSURANCE
LOCKHEED MARTIN,LMT,320,NYSE,TRANSPORTATION
SYSCO,SYY,68,NYSE,RETAIL
FEDEX,FDX,243,NYSE,COURIER
HEWLETT PACKARD ENTERPRISE,HPE,16,NYSE,TECH
CISCO SYSTEMS,CSCO,43,NASDAQ,TECH
HP,HPQ,23,NYSE,TECH
DOW CHEMICAL,DWDP,67,NYSE,CHEMICAL
HCA HOLDINGS,HCA,130,NYSE,HEALTH
COCA-COLA,KO,46,NYSE,FOOD BEVERAGE
NEW YORK LIFE INSURANCE,PVT-0,0,PRIVATE,FINANCIALS
CENTENE,CNC,142,NYSE,HEALTH
AMERICAN TRANSPORTATIONLINES GROUP,AAL,37,NASDAQ,TRANSPORTATION
MERCK,MRK,75,NYSE,HEALTH
CIGNA,CI,220,NYSE,HEALTH
DELTA TRANSPORTATION LINES,DAL,57,NYSE,TRANSPORTATION
BEST BUY,BBY,73,NYSE,RETAILING
HONEYWELL INTERNATIONAL,HON,150,NYSE,INDUSTRIALS
CATERPILLAR,CAT,135,NYSE,INDUSTRIALS
LIBERTY MUTUAL INSURANCE GROUP,PVT-1,0,PRIVATE,FINANCIALS
MORGAN STANLEY,MS,46,NYSE,FINANCIALS
MASSACHUSETTS MUTUAL LIFE INSURANCE,PVT-2,0,PRIVATE,FINANCIALS
GOLDMAN SACHS GROUP,GS,231,NYSE,FINANCIALS
ENERGY TRANSFER EQUITY,ETE,16,NYSE,ENERGY
TIAA,None,0,PRIVATE,FINANCIALS
ORACLE,ORCL,50,NYSE,TECH
TYSON FOODS,TSN,62,NYSE,FOOD BEVERAGE
UNITED CONTINENTAL HOLDINGS,UAL,92,NASDAQ,TRANSPORTATION
ALLSTATE,ALL,92,NYSE,FINANCIALS
PUBLIX SUPER MARKETS,PVT-3,0,PRIVATE,FOOD & DRUG STORES
AMERICAN EXPRESS,AXP,107,NYSE,FINANCIALS
TJX,TJX,55,NYSE,RETAILING
NIKE,NKE,78,NYSE,APPAREL
EXELON,EXC,45,NYSE,ENERGY
GENERAL DYNAMICS,GD,185,NYSE,AEROSPACE & DEFENSE
RITE AID,RAD,2,NYSE,FOOD & DRUG STORES
GILEAD SCIENCES,GILD,73,NASDAQ,HEALTH
CHS,PVT-4,0,PRIVATE,FOOD BEVERAGE
3M,MMM,201,NYSE,INDUSTRIALS
TIME WARNER,TWX,107,NYSE,MEDIA
CHARTER COMMUNICATIONS,CHTR,328,NASDAQ,TELECOM
NORTHWESTERN MUTUAL,PVT-5,0,PRIVATE,FINANCIALS
FACEBOOK,FB,151,NASDAQ,TECH
TRAVELERS COS.,TRV,130,NYSE,FINANCIALS
CAPITAL ONE FINANCIAL,COF,91,NYSE,FINANCIALS
TWENTY-FIRST CENTURY FOX,FOXA,47,NASDAQ,MEDIA
USAA,PVT-5,0,PRIVATE,FINANCIALS
WORLD FUEL SERVICES,INT,31,NYSE,ENERGY
PHILIP MORRIS INTERNATIONAL,PM,90,NYSE,FOOD BEVERAGE
DEERE,DE,148,NYSE,INDUSTRIALS
KRAFT HEINZ,KHC,54,NASDAQ,FOOD BEVERAGE
TECH DATA,TECD,75,NASDAQ,WHOLESALERS
AVNET,AVT,44,NASDAQ,WHOLESALERS
MONDELEZ INTERNATIONAL,MDLZ,43,NASDAQ,FOOD BEVERAGE
MACY'S,M,37,NYSE,RETAILING
ABBVIE,ABBV,87,NYSE,HEALTH
MCDONALD'S,MCD,185,NYSE,"HOTELS, RESTAURANTS & LEISURE"
DUPONT,DD,84,NYSE,CHEMICALS
NORTHROP GRUMMAN,NOC,285,NYSE,AEROSPACE & DEFENSE
SPLINTER INC,CPS,1000,NYSE,TECH
CONOCOPHILLIPS,COP,70,NYSE,ENERGY
RAYTHEON,RTN,187,NYSE,AEROSPACE & DEFENSE
ANDEAVOR,TSO,105,NYSE,ENERGY
ARROW ELECTRONICS,ARW,75,NYSE,WHOLESALERS
QUALCOMM,QCOM,63,NASDAQ,TECH
PROGRESSIVE,PGR,73,NYSE,FINANCIALS
DUKE ENERGY,DUK,84,NYSE,ENERGY
ENTERPRISE PRODUCTS PARTNERS,EPD,27,NYSE,ENERGY
AMGEN,AMGN,197,NASDAQ,HEALTH
US FOODS HOLDING,USFD,32,NYSE,WHOLESALERS
U.S. BANCORP,USB,52,NYSE,FINANCIALS
AFLAC,AFL,45,NYSE,FINANCIALS
SEARS HOLDINGS,SHLD,1,OTCMKTS,RETAILING
DOLLAR GENERAL,DG,116,NYSE,RETAILING
AUTONATION,AN,39,NYSE,RETAILING
COMMUNITY HEALTH SYSTEMS,CYH,4,NYSE,HEALTH
STARBUCKS,SBUX,68,NASDAQ,"HOTELS, RESTAURANTS & LEISURE"
ELI LILLY,LLY,109,NYSE,HEALTH
INTERNATIONAL PAPER,IP,47,NYSE,MATERIALS
TENET HEALTHCARE,THC,27,NYSE,HEALTH
ABBOTT LABORATORIES,ABT,73,NYSE,HEALTH
DOLLAR TREE,DLTR,86,NASDAQ,RETAILING
WHIRLPOOL,WHR,117,NYSE,INDUSTRIALS
SOUTHWEST TRANSPORTATIONLINES,LUV,53,NYSE,TRANSPORTATION
EMERSON ELECTRIC,EMR,70,NYSE,INDUSTRIALS
STAPLES,SPLS,10,NYSE,RETAILING
PLAINS GP HOLDINGS,PAGP,23,NYSE,ENERGY
PENSKE AUTOMOTIVE GROUP,PAG,45,NYSE,RETAILING
UNION PACIFIC,UNP,152,NYSE,TRANSPORTATION
DANAHER,DHR,104,NYSE,TECH
SOUTHERN,SO,48,NYSE,ENERGY
MANPOWERGROUP,MAN,82,NYSE,BUSINESS SERVICES
BRISTOL-MYERS SQUIBB,BMY,53,NYSE,HEALTH
ALTRIA GROUP,MO,65,NYSE,FOOD BEVERAGE
FLUOR,FLR,49,NYSE,ENGINEERING & CONSTRUCTION
KOHL'S,KSS,80,NYSE,RETAILING
LEAR,LEA,140,NYSE,MOTOR VEHICLES & PARTS
JABIL CIRCUIT,JBL,26,NYSE,TECH
HARTFORD FINANCIAL SERVICES GROUP,HIG,47,NYSE,FINANCIALS
THERMO FISHER SCIENTIFIC,TMO,245,NYSE,TECH
KIMBERLY-CLARK,KMB,108,NYSE,HOUSEHOLD PRODUCTS
MOLINA HEALTHCARE,MOH,137,NYSE,HEALTH
PG&E CORP.,PCG,48,NYSE,ENERGY
SUPERVALU,SVU,0,None,FOOD & DRUG STORES
CUMMINS,CMI,147,NYSE,INDUSTRIALS
CENTURYLINK,CTL,22,NYSE,TELECOM
AECOM,ACM,34,NYSE,ENGINEERING & CONSTRUCTION
XEROX,XRX,29,NYSE,TECH
MARRIOTT INTERNATIONAL,MAR,116,NASDAQ,"HOTELS, RESTAURANTS & LEISURE"
PACCAR,PCAR,60,NASDAQ,INDUSTRIALS
GENERAL MILLS,GIS,44,NYSE,FOOD BEVERAGE
PNC FINANCIAL SERVICES GROUP,PNC,133,NYSE,FINANCIALS
AMERICAN ELECTRIC POWER,AEP,75,NYSE,ENERGY
ICAHN ENTERPRISES,IEP,74,NYSE,FINANCIALS
NUCOR,NUE,64,NYSE,MATERIALS
NEXTERA ENERGY,NEE,173,NYSE,ENERGY
PERFORMANCE FOOD GROUP,PFGC,32,NYSE,WHOLESALERS
PBF ENERGY,PBF,43,NYSE,ENERGY
HALLIBURTON,HAL,36,NYSE,ENERGY
CARMAX,KMX,68,NYSE,RETAILING
FREEPORT-MCMORAN,FCX,12,NYSE,ENERGY
WHOLE FOODS MARKET,WFM,0,None,FOOD & DRUG STORES
BANK OF NEW YORK MELLON CORP.,BK,49,NYSE,FINANCIALS
GAP,GPS,27,NYSE,RETAILING
OMNICOM GROUP,OMC,76,NYSE,BUSINESS SERVICES
GENUINE PARTS,GPC,100,NYSE,WHOLESALERS
DAVITA HEALTHCARE PARTNERS,DVA,76,NYSE,HEALTH
COLGATE-PALMOLIVE,CL,61,NYSE,HOUSEHOLD PRODUCTS
PPG INDUSTRIES,PPG,110,NYSE,CHEMICALS
GOODYEAR TIRE & RUBBER,GT,22,NASDAQ,MOTOR VEHICLES & PARTS
SYNCHRONY FINANCIAL,SYF,27,NYSE,FINANCIALS
DISH NETWORK,DISH,32,NASDAQ,TELECOM
VISA,V,145,NYSE,BUSINESS SERVICES
NORDSTROM,JWN,66,NYSE,RETAILING
INTL FCSTONE,INTL,49,NASDAQ,FINANCIALS
WESTROCK,WRK,46,NYSE,MATERIALS
XPO LOGISTICS,XPO,88,NYSE,TRANSPORTATION
ARAMARK,ARMK,36,NYSE,BUSINESS SERVICES
CBS,CBS,58,NYSE,MEDIA
AES,AES,15,NYSE,ENERGY
WELLCARE HEALTH PLANS,WCG,275,NYSE,HEALTH
FIRSTENERGY,FE,38,NYSE,ENERGY
CONAGRA FOODS,CAG,35,NYSE,FOOD BEVERAGE
SYNNEX,SNX,80,NYSE,WHOLESALERS
CDW,CDW,90,NASDAQ,TECH
TEXTRON,TXT,57,NYSE,AEROSPACE & DEFENSE
WASTE MANAGEMENT,WM,90,NYSE,BUSINESS SERVICES
ILLINOIS TOOL WORKS,ITW,133,NYSE,INDUSTRIALS
OFFICE DEPOT,ODP,4,NASDAQ,RETAILING
MONSANTO,MON,1,CVE,CHEMICALS
COGNIZANT TECH SOLUTIONS,CTSH,71,NASDAQ,TECH
TEXAS INSTRUMENTS,TXN,97,NASDAQ,TECH
LINCOLN NATIONAL,LNC,66,NYSE,FINANCIALS
NEWELL BRANDS,NWL,20,NYSE,HOUSEHOLD PRODUCTS
LAND O'LAKES,PVT-6,0,PRIVATE,FOOD BEVERAGE
MARSH & MCLENNAN,MMC,87,NYSE,FINANCIALS
ECOLAB,ECL,160,NYSE,CHEMICALS
C.H. ROBINSON WORLDWIDE,CHRW,91,NASDAQ,TRANSPORTATION
LOEWS,L,49,NYSE,FINANCIALS
CBRE GROUP,CBG,44,NYSE,FINANCIALS
KINDER MORGAN,KMI,17,NYSE,ENERGY
KELLOGG,K,65,NYSE,FOOD BEVERAGE
WESTERN DIGITAL,WDC,48,NASDAQ,TECH
GUARDIAN LIFE INS. CO. OF AMERICA,PVT-7,0,PRIVATE,FINANCIALS
ROSS STORES,ROST,102,NASDAQ,RETAILING
L BRANDS,LB,35,NYSE,RETAILING
J.C. PENNEY,JCP,2,NYSE,RETAILING
FARMERS INSURANCE EXCHANGE,PVT-8,0,PRIVATE,FINANCIALS
REYNOLDS AMERICAN,RAI,73,LON,FOOD BEVERAGE
VIACOM,VIAB,32,NASDAQ,MEDIA
BECTON DICKINSON,BDX,237,NYSE,HEALTH
MICRON TECH,MU,41,NASDAQ,TECH
PRINCIPAL FINANCIAL,PFG,50,NASDAQ,FINANCIALS
ARCONIC,ARNC,21,NYSE,AEROSPACE & DEFENSE
NRG ENERGY,NRG,38,NYSE,ENERGY
VF,VFC,86,NYSE,APPAREL
DEVON ENERGY,DVN,34,NYSE,ENERGY
D.R. HORTON,DHI,38,NYSE,ENGINEERING & CONSTRUCTION
BED BATH & BEYOND,BBBY,15,NASDAQ,RETAILING
CONSOLIDATED EDISON,ED,78,NYSE,ENERGY
EDISON INTERNATIONAL,EIX,70,NYSE,ENERGY
SHERWIN-WILLIAMS,SHW,415,NYSE,CHEMICALS
NGL ENERGY PARTNERS,NGL,11,NYSE,ENERGY
DOMINION RESOURCES,D,71,NYSE,ENERGY
AMERIPRISE FINANCIAL,AMP,129,NYSE,FINANCIALS
ADP,ADP,148,NASDAQ,BUSINESS SERVICES
HILTON WORLDWIDE HOLDINGS,HLT,73,NYSE,"HOTELS, RESTAURANTS & LEISURE"
FIRST DATA,FDC,20,NYSE,BUSINESS SERVICES
HENRY SCHEIN,HSIC,87,NASDAQ,WHOLESALERS
"TOYS ""R"" US",PVT-9,0,PRIVATE,RETAILING
BB&T CORP.,BBT,50,NYSE,FINANCIALS
REINSURANCE GROUP OF AMERICA,RGA,148,NYSE,FINANCIALS
CORE-MARK HOLDING,CORE,30,NASDAQ,WHOLESALERS
BIOGEN,BIIB,331,NASDAQ,HEALTH
LAS VEGAS SANDS,LVS,56,NYSE,"HOTELS, RESTAURANTS & LEISURE"
STANLEY BLACK & DECKER,SWK,128,NYSE,HOUSEHOLD PRODUCTS
PARKER-HANNIFIN,PH,171,NYSE,INDUSTRIALS
STRYKER,SYK,170,NYSE,HEALTH
ESTEE LAUDER,EL,142,NYSE,HOUSEHOLD PRODUCTS
CELGENE,CELG,75,NASDAQ,HEALTH
BLACKROCK,BLK,424,NYSE,FINANCIALS
XCEL ENERGY,XEL,50,NASDAQ,ENERGY
CSX,CSX,72,NASDAQ,TRANSPORTATION
UNUM GROUP,UNM,38,NYSE,FINANCIALS
JACOBS ENGINEERING GROUP,JEC,80,NYSE,ENGINEERING & CONSTRUCTION
LENNAR,LEN,43,NYSE,ENGINEERING & CONSTRUCTION
GROUP 1 AUTOMOTIVE,GPI,57,NYSE,RETAILING
LEUCADIA NATIONAL,LUK,22,NYSE,FINANCIALS
ENTERGY,ETR,85,NYSE,ENERGY
PAYPAL HOLDINGS,PYPL,88,NASDAQ,BUSINESS SERVICES
APPLIED MATERIALS,AMAT,35,NASDAQ,TECH
VOYA FINANCIAL,VOYA,46,NYSE,FINANCIALS
MASTERCARD,MA,208,NYSE,BUSINESS SERVICES
PRICELINE GROUP,PCLN,2000,NASDAQ,TECH
LIBERTY INTERACTIVE,QVCA,0,None,RETAILING
AUTOZONE,AZO,790,NYSE,RETAILING
STATE STREET CORP.,STT,74,NYSE,FINANCIALS
DTE ENERGY,DTE,116,NYSE,ENERGY
L-3 COMMUNICATIONS,LLL,195,NYSE,AEROSPACE & DEFENSE
HOLLYFRONTIER,HFC,68,NYSE,ENERGY
PRAXTRANSPORTATION,PX,0,None,CHEMICALS
UNIVERSAL HEALTH SERVICES,UHS,130,NYSE,HEALTH
DISCOVER FINANCIAL SERVICES,DFS,70.74,NYSE,FINANCIALS
OCCIDENTAL PETROLEUM,OXY,73,NYSE,ENERGY
UNITED STATES STEEL,X,29,NYSE,MATERIALS
SEMPRA ENERGY,SRE,117,NYSE,ENERGY
BAXTER INTERNATIONAL,BAX,63,NYSE,HEALTH
W.W. GRAINGER,GWW,296,NYSE,WHOLESALERS
AUTOLIV,ALV,86,NYSE,MOTOR VEHICLES & PARTS
NORFOLK SOUTHERN,NSC,173,NYSE,TRANSPORTATION
BAKER HUGHES,BHI,54,FRA,ENERGY
ALLY FINANCIAL,ALLY,26,NYSE,FINANCIALS
SONIC AUTOMOTIVE,SAH,18,NYSE,RETAILING
OWENS & MINOR,OMI,9,NYSE,WHOLESALERS
HUNTSMAN,HUN,23,NYSE,CHEMICALS
LABORATORY CORP. OF AMERICA,LH,171,NYSE,HEALTH
MURPHY USA,MUSA,82,NYSE,RETAILING
ADVANCE AUTO PARTS,AAP,170,NYSE,RETAILING
FIDELITY NATIONAL FINANCIAL,FNF,33,NYSE,FINANCIALS
TRANSPORTATION PRODUCTS & CHEMICALS,APD,160,NYSE,CHEMICALS
HORMEL FOODS,HRL,44,NYSE,FOOD BEVERAGE
HERTZ GLOBAL HOLDINGS,HTZ,16,NYSE,RETAILING
MGM RESORTS INTERNATIONAL,MGM,28,NYSE,"HOTELS, RESTAURANTS & LEISURE"
CORNING,GLW,34,NYSE,INDUSTRIALS
REPUBLIC SERVICES,RSG,73,NYSE,BUSINESS SERVICES
ALCOA,AA,37,NYSE,MATERIALS
FIDELITY NATIONAL INFORMATION SERVICES,FIS,107,NYSE,BUSINESS SERVICES
PACIFIC LIFE,PVT-10,0,PRIVATE,FINANCIALS
SUNTRUST BANKS,STI,63,NYSE,FINANCIALS
LKQ,LKQ,28,NASDAQ,WHOLESALERS
BORGWARNER,BWA,40,NYSE,MOTOR VEHICLES & PARTS
BALL,BLL,48,NYSE,MATERIALS
CST BRANDS,CST,1,CVE,RETAILING
PUBLIC SERVICE ENTERPRISE GROUP,PEG,53,NYSE,ENERGY
EASTMAN CHEMICAL,EMN,84,NYSE,CHEMICALS
EBAY,EBAY,30,NASDAQ,TECH
MOHAWK INDUSTRIES,MHK,127,NYSE,HOUSEHOLD PRODUCTS
ONEOK,OKE,64,NYSE,ENERGY
FRONTIER COMMUNICATIONS,FTR,4,NASDAQ,TELECOM
NETFLIX,NFLX,327,NASDAQ,TECH
AMERICAN FAMILY INSURANCE GROUP,PVT-11,0,PRIVATE,FINANCIALS
THRIVENT FINANCIAL FOR LUTHERANS,PVT-12,0,PRIVATE,FINANCIALS
EXPEDIA,EXPE,128,NASDAQ,TECH
LITHIA MOTORS,LAD,85,NYSE,RETAILING
AVIS BUDGET GROUP,CAR,32,NASDAQ,RETAILING
RELIANCE STEEL & ALUMINUM,RS,82,NYSE,MATERIALS
GAMESTOP,GME,15,NYSE,RETAILING
TENNECO,TEN,35,NYSE,MOTOR VEHICLES & PARTS
O'REILLY AUTOMOTIVE,ORLY,342,NASDAQ,RETAILING
PETER KIEWIT SONS',PVT-13,0,PRIVATE,ENGINEERING & CONSTRUCTION
UNITED NATURAL FOODS,UNFI,23,NYSE,WHOLESALERS
SALESFORCE.COM,CRM,142,NYSE,TECH
BOSTON SCIENTIFIC,BSX,38,NYSE,HEALTH
NEWMONT MINING,NEM,33,NYSE,ENERGY
GENWORTH FINANCIAL,GNW,5,NYSE,FINANCIALS
LIVE NATION ENTERTAINMENT,LYV,57,NYSE,MEDIA
VERITIV,VRTV,32,NYSE,WHOLESALERS
NEWS CORP.,NWSA,14,NASDAQ,MEDIA
CROWN HOLDINGS,CCK,47,NYSE,MATERIALS
GLOBAL PARTNERS,GLP,20,NYSE,WHOLESALERS
PVH,PVH,125,NYSE,APPAREL
LEVEL 3 COMMUNICATIONS,LVLT,0,None,TELECOM
NAVISTAR INTERNATIONAL,NAV,32,NYSE,INDUSTRIALS
UNIVAR,UNVR,23,NYSE,WHOLESALERS
CAMPBELL SOUP,CPB,38,NYSE,FOOD BEVERAGE
DICK'S SPORTING GOODS,DKS,37,NYSE,RETAILING
WEYERHAEUSER,WY,27,NYSE,MATERIALS
MUTUAL OF OMAHA INSURANCE,PVT-14,0,PRIVATE,FINANCIALS
CHESAPEAKE ENERGY,CHK,4,NYSE,ENERGY
ANADARKO PETROLEUM,APC,58,NYSE,ENERGY
INTERPUBLIC GROUP,IPG,24,NYSE,BUSINESS SERVICES
J.M. SMUCKER,SJM,110,NYSE,FOOD BEVERAGE
STEEL DYNAMICS,STLD,42,NASDAQ,MATERIALS
FOOT LOCKER,FL,50,NYSE,RETAILING
WESTERN REFINING,PVT-15,0,PRIVATE,ENERGY
SPARTANNASH,SPTN,20,NASDAQ,WHOLESALERS
DEAN FOODS,DF,6,NYSE,FOOD BEVERAGE
ZIMMER BIOMET HOLDINGS,ZBH,118,NYSE,HEALTH
PULTEGROUP,PHM,25,NYSE,ENGINEERING & CONSTRUCTION
W.R. BERKLEY,WRB,78,NYSE,FINANCIALS
QUANTA SERVICES,PWR,35,NYSE,ENGINEERING & CONSTRUCTION
EOG RESOURCES,EOG,109,NYSE,ENERGY
CHARLES SCHWAB,SCHW,48,NYSE,FINANCIALS
EVERSOURCE ENERGY,ES,65,NYSE,ENERGY
ANIXTER INTERNATIONAL,AXE,69,NYSE,WHOLESALERS
EMCOR GROUP,EME,76,NYSE,ENGINEERING & CONSTRUCTION
ASSURANT,AIZ,102,NYSE,FINANCIALS
CENTERPOINT ENERGY,CNP,28,NYSE,ENERGY
HARRIS,HRS,153,NYSE,TECH
HD SUPPLY HOLDINGS,HDS,39,NASDAQ,WHOLESALERS
PPL,PPL,31,NYSE,ENERGY
QUEST DIAGNOSTICS,DGX,97,NYSE,HEALTH
WILLIAMS,WMB,26,NYSE,ENERGY
WEC ENERGY GROUP,WEC,68,NYSE,ENERGY
HERSHEY,HSY,108,NYSE,FOOD BEVERAGE
AGCO,AGCO,58,NYSE,INDUSTRIALS
RALPH LAUREN,RL,127,NYSE,APPAREL
MASCO,MAS,31,NYSE,HOUSEHOLD PRODUCTS
WESCO INTERNATIONAL,WCC,55,NYSE,WHOLESALERS
LIFEPOINT HEALTH,LPNT,65,NASDAQ,HEALTH
NATIONAL OILWELL VARCO,NOV,36,NYSE,ENERGY
KINDRED HEALTHCARE,KND,0,None,HEALTH
MOSAIC,MOS,35,NYSE,CHEMICALS
ALLIANCE DATA SYSTEMS,ADS,212,NYSE,BUSINESS SERVICES
COMPUTER SCIENCES CORPORATION,PVT-16,0,PRIVATE,TECH
HUNTINGTON INGALLS INDUSTRIES,HII,234,NYSE,AEROSPACE & DEFENSE
LEIDOS HOLDINGS,LDOS,65,NYSE,TECH
ERIE INSURANCE GROUP,PVT-17,0,PRIVATE,FINANCIALS
TESLA,TSLA,350,NASDAQ,MOTOR VEHICLES & PARTS
ASCENA RETAIL GROUP,ASNA,4,NASDAQ,RETAILING
DARDEN RESTAURANTS,DRI,111,NYSE,"HOTELS, RESTAURANTS & LEISURE"
HARMAN INTERNATIONAL INDUSTRIES,PVT-18,0,PRIVATE,INDUSTRIALS
NVIDIA,NVDA,213,NASDAQ,TECH
R.R. DONNELLEY & SONS,RRD,7,NYSE,MEDIA
FIFTH THIRD BANCORP,FITB,27,NASDAQ,FINANCIALS
QUINTILES TRANSNATIONAL HOLDINGS,Q,45,BMV,HEALTH
JONES LANG LASALLE,JLL,145,NYSE,FINANCIALS
DOVER,DOV,86,NYSE,INDUSTRIALS
SPIRIT AEROSYSTEMS HOLDINGS,SPR,87,NYSE,AEROSPACE & DEFENSE
RYDER SYSTEM,R,57,NYSE,TRANSPORTATION
A-MARK PRECIOUS METALS,AMRK,12,NASDAQ,MATERIALS
TRACTOR SUPPLY,TSCO,95,NASDAQ,RETAILING
SEALED TRANSPORTATION,SEE,35,NYSE,MATERIALS
AUTO-OWNERS INSURANCE,PVT-19,0,PRIVATE,FINANCIALS
YUM CHINA HOLDINGS,YUMC,37,NYSE,"HOTELS, RESTAURANTS & LEISURE"
CALPINE,CPN,78,BKK,ENERGY
OWENS-ILLINOIS,OI,17,NYSE,MATERIALS
TARGA RESOURCES,TRGP,53,NYSE,ENERGY
JETBLUE TRANSPORTATIONWAYS,JBLU,18,NASDAQ,FINANCIALS
JONES FINANCIAL,PVT-20,0,PRIVATE,TRANSPORTATION
FRANKLIN RESOURCES,BEN,31,NYSE,FINANCIALS
ACTIVISION BLIZZARD,ATVI,65,NASDAQ,TECH
J.B. HUNT TRANSPORT SERVICES,JBHT,111,NASDAQ,TRANSPORTATION
CONSTELLATION BRANDS,STZ,206,NYSE,FOOD BEVERAGE
NCR,NCR,28,NYSE,TECH
ASBURY AUTOMOTIVE GROUP,ABG,68,NYSE,RETAILING
AMERICAN FINANCIAL GROUP,AFG,105,NYSE,FINANCIALS
DISCOVERY COMMUNICATIONS,DISCA,33,NASDAQ,MEDIA
BERRY GLOBAL GROUP,BERY,46,NYSE,MATERIALS
SANMINA,SANM,26,NASDAQ,TECH
CALATLANTIC GROUP,CAA,1,ASX,ENGINEERING & CONSTRUCTION
DR PEPPER SNAPPLE GROUP,DPS,1,KLSE,FOOD BEVERAGE
DILLARD'S,DDS,79,NYSE,RETAILING
HRG GROUP,HRG,66,NYSE,HOUSEHOLD PRODUCTS
CMS ENERGY,CMS,49,NYSE,ENERGY
GRAYBAR ELECTRIC,PVT-21,0,PRIVATE,WHOLESALERS
BUILDERS FIRSTSOURCE,BLDR,13,NASDAQ,MATERIALS
YUM BRANDS,YUM,90,NYSE,"HOTELS, RESTAURANTS & LEISURE"
CASEY'S GENERAL STORES,CASY,132,NASDAQ,RETAILING
AMPHENOL,APH,91,NYSE,TECH
OSHKOSH,OSK,69,NYSE,INDUSTRIALS
IHEARTMEDIA,IHRT,1,OTCMKTS,MEDIA
TREEHOUSE FOODS,THS,49,NYSE,FOOD BEVERAGE
ALLEGHANY,Y,635,NYSE,FINANCIALS
EXPEDITORS INTERNATIONAL OF WASHINGTON,EXPD,74,NASDAQ,TRANSPORTATION
AVERY DENNISON,AVY,93,NYSE,MATERIALS
AMEREN,AEE,66,NYSE,ENERGY
HANESBRANDS,HBI,17,NYSE,APPAREL
MOTOROLA SOLUTIONS,MSI,128,NYSE,TECH
ST. JUDE MEDICAL,PVT-22,0,PRIVATE,HEALTH
HARLEY-DAVIDSON,HOG,41,NYSE,TRANSPORTATION
REGIONS FINANCIAL,RF,18,NYSE,FINANCIALS
INTERCONTINENTAL EXCHANGE,ICE,78,NYSE,FINANCIALS
ALASKA TRANSPORTATION GROUP,ALK,66,NYSE,TRANSPORTATION
OLD REPUBLIC INTERNATIONAL,ORI,22,NYSE,FINANCIALS
LAM RESEARCH,LRCX,151,NASDAQ,TECH
AK STEEL HOLDING,AKS,4,NYSE,MATERIALS
ROCKWELL AUTOMATION,ROK,179,NYSE,INDUSTRIALS
ADOBE SYSTEMS,ADBE,253,NASDAQ,TECH
AVON PRODUCTS,AVP,2,NYSE,HOUSEHOLD PRODUCTS
TEREX,TEX,32,NYSE,INDUSTRIALS
NVR,NVR,2303,NYSE,ENGINEERING & CONSTRUCTION
DANA HOLDING,DAN,15,NYSE,MOTOR VEHICLES & PARTS
REALOGY HOLDINGS,RLGY,0,None,FINANCIALS
AMERICAN TOWER,AMT,157,NYSE,TELECOM
PACKAGING CORP. OF AMERICA,PKG,99,NYSE,MATERIALS
CITIZENS FINANCIAL GROUP,CFG,38,NYSE,FINANCIALS
UNITED RENTALS,URI,131,NYSE,BUSINESS SERVICES
CLOROX,CLX,158,NYSE,HOUSEHOLD PRODUCTS
GENESIS HEALTHCARE,GEN,2,NYSE,HEALTH
M&T BANK CORP.,MTB,165,NYSE,FINANCIALS
INGREDION,INGR,106,NYSE,FOOD BEVERAGE
UGI,UGI,55,NYSE,ENERGY
OWENS CORNING,OC,49,NYSE,MATERIALS
S&P GLOBAL,SPGI,186,NYSE,BUSINESS SERVICES
MARKEL,MKL,1127,NYSE,FINANCIALS
WYNDHAM WORLDWIDE,WYN,413,LON,"HOTELS, RESTAURANTS & LEISURE"
ARTHUR J. GALLAGHER,AJG,77,NYSE,FINANCIALS
BURLINGTON STORES,BURL,171,NYSE,RETAILING
FIRST AMERICAN FINANCIAL,FAF,46,NYSE,FINANCIALS
SYMANTEC,SYMC,23,NASDAQ,TECH
PATTERSON,PDCO,24,NASDAQ,WHOLESALERS
OLIN,OLN,22,NYSE,CHEMICALS
NETAPP,NTAP,83,NASDAQ,TECH
RAYMOND JAMES FINANCIAL,RJF,81,NYSE,FINANCIALS
TRAVELCENTERS OF AMERICA,TA,4,NASDAQ,RETAILING
FISERV,FISV,79,NASDAQ,BUSINESS SERVICES
HOST HOTELS & RESORTS,HST,19,NYSE,FINANCIALS
INSIGHT ENTERPRISES,NSIT,45,NASDAQ,WHOLESALERS
MATTEL,MAT,14,NASDAQ,HOUSEHOLD PRODUCTS
AMTRUST FINANCIAL SERVICES,AFSI,14,NASDAQ,FINANCIALS
CINCINNATI FINANCIAL,CINF,81,NASDAQ,FINANCIALS
SIMON PROPERTY GROUP,SPG,187,NYSE,FINANCIALS
WESTERN UNION,WU,18,NYSE,BUSINESS SERVICES
KEYCORP,KEY,19,NYSE,FINANCIALS
DELEK US HOLDINGS,DK,39,NYSE,ENERGY
BOOZ ALLEN HAMILTON HOLDING,BAH,50,NYSE,TECH
CHEMOURS,CC,35,NYSE,CHEMICALS
WESTERN & SOUTHERN FINANCIAL GROUP,PVT-23,0,PRIVATE,FINANCIALS
CELANESE,CE,106,NYSE,CHEMICALS
WINDSTREAM HOLDINGS,WIN,5,NASDAQ,TELECOM
SEABOARD,SEB,3625,NYSEAMERICAN,FOOD BEVERAGE
ESSENDANT,ESND,13,NASDAQ,WHOLESALERS
APACHE,APA,38,NYSE,ENERGY
TRANSPORTATIONGAS,PVT-24,0,PRIVATE,WHOLESALERS
KELLY SERVICES,KELYA,24,NASDAQ,BUSINESS SERVICES
LIBERTY MEDIA,LSXMA,41,NASDAQ,MEDIA
ROCKWELL COLLINS,COL,133,NYSE,AEROSPACE & DEFENSE
ROBERT HALF INTERNATIONAL,RHI,65,NYSE,BUSINESS SERVICES
CH2M HILL,PVT-25,0,PRIVATE,ENGINEERING & CONSTRUCTION
BIG LOTS,BIG,44,NYSE,RETAILING
MICHAELS COS.,MIK,17,NASDAQ,RETAILING
TOLL BROTHERS,TOL,34,NYSE,ENGINEERING & CONSTRUCTION
YAHOO,YHOO,0,None,TECH
VISTRA ENERGY,VST,25,NYSE,ENERGY
ABM INDUSTRIES,ABM,33,NYSE,BUSINESS SERVICES